<elements>
  <namespace ns="Microsoft.Band.Portable.Notifications">
    <summary>To be added.</summary>
    <remarks>To be added.</remarks>
  </namespace>
  <namespace ns="Microsoft.Band.Portable.Personalization">
    <summary>To be added.</summary>
    <remarks>To be added.</remarks>
  </namespace>
  <namespace ns="Microsoft.Band.Portable.Sensors">
    <summary>To be added.</summary>
    <remarks>To be added.</remarks>
  </namespace>
  <namespace ns="Microsoft.Band.Portable.Tiles.Pages.Data">
    <summary>To be added.</summary>
    <remarks>To be added.</remarks>
  </namespace>
  <namespace ns="Microsoft.Band.Portable.Tiles.Pages">
    <summary>To be added.</summary>
    <remarks>To be added.</remarks>
  </namespace>
  <namespace ns="Microsoft.Band.Portable.Tiles">
    <summary>To be added.</summary>
    <remarks>To be added.</remarks>
  </namespace>
  <namespace ns="Microsoft.Band.Portable">
    <summary>To be added.</summary>
    <remarks>To be added.</remarks>
  </namespace>
</elements>